ID,Hazard ratio,Low.95% Confidence interval,High.95% Confidence interval,pvalue
cg05566965,20.38939068,1.0033194,414.3518528,0.049748443
cg08646988,2.23E+55,1.316623891,3.77E+110,0.049506502
cg06493994,0.124782694,0.015641761,0.995458298,0.049499914
cg13066963,0.139847076,0.019651386,0.99520739,4.94E-02
cg07772309,53.24559861,1.010680036,2805.134829,0.049389214
cg16391151,2.72E+28,1.34070097,5.53E+56,0.048978333
cg05468303,0.199242287,0.040029309,0.991710568,0.048823533
cg06722792,0.165342437,0.027667794,0.988084623,0.04848353
cg06866657,0.199678734,0.040330167,0.988629602,0.048384509
cg14939652,0.234385286,0.055619977,0.987710988,0.048062833
cg09535168,6.62E+16,1.416728528,3.09E+33,0.047956706
cg26147480,0.148043476,0.022312912,0.982250579,0.047870887
cg03395898,0.13965414,0.01987125,0.981482235,0.04784395
cg26332534,0.209197393,0.044444223,0.984684775,0.047760655
cg07086898,3.87E+14,1.39566473,1.07E+29,0.047747187
cg22757447,0.1994003,0.040402637,0.984106063,0.047744658
cg14159672,0.375096446,0.142146454,0.989805511,0.047629241
cg26339797,9469396604,1.303074333,6.88E+19,0.047388171
cg09144196,39020011.76,1.272295251,1.20E+15,0.046884251
cg12867068,21.44032449,1.046984886,439.0584049,4.66E-02
cg25956985,0.13885224,0.019864235,0.970585815,0.046584653
cg20727114,0.119908558,0.014870243,0.966901614,0.04641846
cg07404485,0.161886887,0.02698887,0.971043407,0.046358802
cg12577610,4.45E+35,3.893889435,5.09E+70,4.63E-02
cg10207787,0.003473733,1.33E-05,0.910262411,0.046255169
cg01062029,0.14922916,0.022996813,0.968366453,0.046190007
cg22463915,0.174298237,0.031328919,0.969707102,0.046032641
cg22255355,7.58E+40,5.261396824,1.09E+81,0.04602565
cg14764661,0.209179428,0.044986862,0.97264026,0.046005477
cg12005098,0.304125591,0.09448009,0.978961542,4.60E-02
cg14542839,0.030576923,0.000995781,0.938909237,0.04592932
cg09830278,0.014411337,0.000224532,0.924974088,0.04585855
cg17347389,0.208681477,0.044864759,0.970649571,0.045722333
cg14733672,36.87301428,1.072567162,1267.630812,0.045632269
cg25503559,2735789.53,1.333889672,5.61E+12,0.0456283
cg04518808,0.113959865,0.013561418,0.957632247,0.045519122
cg20770803,734451627.8,1.514192673,3.56E+17,0.045433117
cg08654655,0.078821322,0.006544238,0.949354365,0.045403507
cg16306115,0.271550688,0.075747128,0.973499296,0.045371428
cg17135325,44.97519119,1.082114526,1869.27333,0.045342528
cg01244871,1.26E+14,1.982206668,8.02E+27,0.045267944
cg04362655,0.001480151,2.52E-06,0.870010967,0.045202364
cg21053015,0.231850593,0.055521935,0.968170455,0.045035758
cg06386533,338.9947233,1.138697131,100920.0948,0.04499985
cg14899547,3803738452,1.635455239,8.85E+18,0.044998544
cg10390922,9874671856,1.671628905,5.83E+19,0.044992793
cg27056119,1.24E+23,3.320863224,4.61E+45,0.044938851
cg09009111,0.222793286,0.051361199,0.966426985,0.04490132
cg02733650,5.81E+27,4.624278592,7.31E+54,0.044636565
cg26018901,0.1299642,0.017742607,0.951984885,0.044601226
cg10279685,0.101805258,0.010963731,0.945326931,0.044493243
cg19220754,4.87E+28,5.268652547,4.51E+56,0.044373725
cg12431699,14564.24488,1.288610007,164609329.3,4.41E-02
cg00308133,0.217986153,0.049499331,0.959971821,0.044012347
cg15167433,3.83E+11,2.07166609,7.07E+22,0.043905524
cg14795968,0.156710764,0.025844402,0.950235335,0.043854926
cg12900467,2053.877068,1.242512086,3395066.379,4.37E-02
cg19219437,0.196697191,0.04059531,0.95306046,0.043416827
cg11828669,28677.65995,1.360808069,604352809.6,0.043319697
cg21303386,0.144969993,0.022313624,0.941859503,0.043104062
cg11052143,0.264254057,0.072949935,0.957234662,0.042711777
cg19620294,0.190181672,0.038217792,0.94639345,0.042635866
cg20113732,0.266774281,0.074392303,0.956665056,0.042564661
cg07331806,0.073907508,0.005976588,0.913952872,0.042347965
cg18130076,5.40E+13,3.138963497,9.28E+26,0.041998948
cg06038049,4.47E+23,7.26862478,2.74E+46,0.041946061
cg14795305,0.042270009,0.002005223,0.891049733,0.041938166
cg17503456,0.328801043,0.112718544,0.959115709,0.04171146
cg07861564,0.246671281,0.064317512,0.946036598,0.041265879
cg05412136,2041.585148,1.353528903,3079409.614,0.041247742
cg21604042,0.183034021,0.035899574,0.933199183,0.04103761
cg03626672,0.153959277,0.025606669,0.925675208,0.040919146
cg07815386,1.75E+13,3.605578688,8.53E+25,0.040755502
cg03804985,73765.09352,1.61547743,3368223486,0.040600938
cg00746981,71.46490249,1.202179738,4248.31007,0.040529611
cg19234089,0.014800652,0.000263622,0.830959541,0.040357702
cg13337865,0.13973451,0.021308696,0.916326996,0.040263809
cg11934695,0.192863945,0.04002353,0.929365841,4.02E-02
cg08132767,6.10E+17,6.208063797,5.98E+34,0.04022526
cg14766198,3699209.068,1.991159503,6.87E+12,0.040026281
cg24670715,0.147535987,0.023762597,0.91601384,0.039963525
cg19570574,0.21141235,0.048023815,0.930687854,0.039883392
cg15507817,0.044307984,0.002267607,0.865757425,0.039877673
cg24824266,0.22074559,0.052300681,0.931701354,0.039758316
cg20881054,0.162371225,0.028746303,0.917141052,0.039601894
cg08056146,0.189161591,0.03883975,0.921275436,0.039257642
cg10613440,1.07E+17,6.991986125,1.65E+33,0.039185191
cg12405833,2.79E+17,7.520062693,1.04E+34,3.91E-02
cg04274487,0.214361753,0.049690308,0.924746951,0.038936554
cg11038843,0.174718922,0.033389003,0.914274124,0.038818385
cg20328328,1.35E+21,12.21620087,1.48E+41,0.038804054
cg04603184,0.215375397,0.050344495,0.921382999,0.038417295
cg00516481,0.200767152,0.043923842,0.917666748,0.038379595
cg09822001,158518514.6,2.76212159,9.10E+15,0.038318951
cg13640200,0.097216106,0.010721791,0.881473165,0.038254049
cg13230197,0.030068251,0.001093185,0.827032357,0.038240396
cg23435746,0.081804519,0.007665698,0.872977175,0.038226103
cg02503850,0.228544412,5.66E-02,0.922468874,0.038142239
cg26143719,0.111930981,0.014146275,0.885642639,0.037983067
cg16883145,0.003033833,1.27E-05,0.724617692,0.037962678
cg02809263,24712189381,3.792131425,1.61E+20,0.037933456
cg03712239,7.13E+25,28.49857195,1.78E+50,0.037816862
cg16046376,23.81520566,1.196329562,474.0867725,0.037762169
cg08946117,0.036422236,0.001601491,0.828339932,0.037699044
cg00032227,4.53E+40,230.4459208,8.89E+78,0.037444189
cg18150721,0.141499663,0.022478735,0.890715355,0.037227715
cg19401923,8.91E+17,11.56012314,6.87E+34,0.037220605
cg03923277,0.11419547,0.014844613,0.878473928,0.037120812
cg17788682,0.156651807,0.0274283,0.894688645,0.037057071
cg21875234,5.82E+29,61.37660875,5.53E+57,0.037049008
cg24946408,2.04E+16,9.74019068,4.28E+31,0.036940323
cg13271963,6.76E-09,1.44E-16,0.318184188,0.036888041
cg21230435,0.014274695,0.000264475,0.770458979,0.036788197
cg21686900,4.11E+12,6.019066235,2.80E+24,0.036701364
cg19524049,5.19E+11,5.34721731,5.03E+22,0.036630506
cg14601284,0.236179127,0.061019304,0.91414645,0.036621491
cg11378840,0.063319843,0.004767113,0.841054561,0.036515998
cg23651356,0.128654038,0.018834166,0.87882103,0.036462954
cg16008138,0.06826605,0.005524893,0.843501145,0.036381057
cg01281904,0.153992062,0.026700924,0.8881174,0.036377375
cg23614979,0.120110158,0.016546999,0.871846893,0.036120646
cg26096837,0.21567946,0.051411178,0.904815473,0.036021808
cg15014549,0.180488669,0.036429585,0.894222641,0.03600309
cg14115004,318515133.1,3.605459863,2.81E+16,0.03596338
cg26331192,5.28E+30,104.0290901,2.68E+59,0.035932366
cg11494699,7.686603232,1.14528189,51.58893173,0.035762762
cg27316224,1.51E+39,403.9717267,5.63E+75,0.03576025
cg06253734,5.09E+24,45.62996638,5.69E+47,0.035635277
cg12228611,4913096797,4.500517759,5.36E+18,3.56E-02
cg26681081,9.57E+22,35.71190064,2.56E+44,0.035553617
cg25673373,0.046751858,0.002691224,0.812171863,0.035483843
cg19948393,0.157506033,0.028127238,0.881997402,0.03548133
cg15411984,12176.22641,1.90200305,77949659.26,0.035401384
cg26147338,57.33496487,1.318879052,2492.494056,0.03539786
cg17324707,1.25E+11,5.739051251,2.73E+21,0.035393657
cg18489434,0.170497567,0.032836468,0.885278538,0.035295177
cg13382714,4.27E-27,1.21E-51,0.015101777,0.035260564
cg15979098,0.100507087,0.011869982,0.851026969,0.035033913
cg12598575,1.04E+47,2059.040754,5.27E+90,3.50E-02
cg13643796,0.298611455,0.097157314,0.917777547,0.034881133
cg23660999,3.75E+46,2234.378987,6.29E+89,0.034701351
cg20591405,0.069040869,0.005778769,0.824854211,0.034677397
cg05800321,0.107895231,0.013671753,0.851491427,0.034644333
cg02171545,0.15246792,0.026649843,0.872292821,0.034558141
cg23006204,0.127940083,0.019008403,0.861127854,0.03454479
cg07197823,0.162507604,0.030155306,0.875757044,0.034486425
cg07889201,0.014549113,0.000289478,0.731236714,0.034295363
cg06536578,0.133820886,0.02078545,0.861565656,0.034277975
cg24313770,0.063187046,0.004904854,0.814010495,0.034194781
cg14126210,87782727102,6.744094587,1.14E+21,0.033956229
cg11715903,0.258139185,0.073847823,0.902339923,0.033929984
cg26328002,0.109853821,0.01427654,0.845293215,0.033888197
cg02735486,0.142735479,0.023662274,0.861008413,0.033739086
cg01926595,4198.001659,1.911040849,9221790.284,0.033592452
cg14820573,8.371858734,1.181730352,59.30965432,0.033410105
cg26783353,0.012298509,0.000213931,0.707020243,0.033363694
cg05619712,0.156379167,0.028316525,0.863610334,0.033324943
cg24371225,0.144915472,0.024469963,0.858215202,0.033300142
cg16063112,0.165258294,0.031607373,0.864048522,0.032915791
cg21692936,1723.751094,1.837609537,1616947.33,0.032824793
cg11876012,256.8475024,1.573701063,41920.69323,3.28E-02
cg23759214,4.96E+13,13.49586708,1.82E+26,0.03265858
cg15307268,0.025765514,0.000898089,0.739193751,0.032644879
cg05029288,8.34E+44,5643.479063,1.23E+86,0.032471017
cg12351433,0.202065302,0.046664493,0.874977613,3.25E-02
cg06417705,72318.65536,2.553881264,2047858679,0.032417091
cg16792632,0.112964884,0.015321446,0.832889061,0.032407038
cg08835688,0.116961912,0.016385064,0.834912137,0.032363934
cg20715764,4.919815989,1.145093383,21.13765543,0.032183619
cg19339841,409.8122482,1.668323671,100667.5633,0.032175311
cg27662379,5.06E-12,2.37E-22,0.107680341,0.032062552
cg26450541,1.38E-14,2.97E-27,0.064254997,0.032000403
cg15817236,0.30254841,0.101478195,0.902021764,0.031954894
cg13396213,6.13E+13,15.65164517,2.40E+26,0.031881865
cg13461600,13288.55218,2.279047684,77482195.89,0.031859772
cg20060451,4.12E+32,689.5235501,2.46E+62,0.031808538
cg21306212,1.36E+14,17.11628603,1.08E+27,0.031764737
cg16928795,5.08E-12,2.51E-22,0.103016185,0.031739789
cg23502772,0.194456182,0.043731228,0.864672878,0.031479727
cg15042080,0.281025512,0.088447716,0.892904216,0.031396218
cg09309269,0.086347286,0.009278618,0.80355218,0.031386695
cg26701198,8.42E-11,5.75E-20,0.123453494,0.031222265
cg01929105,13688408.72,4.479557616,4.18E+13,0.031022542
cg09588653,12.30323995,1.258816342,120.2476551,0.030939167
cg25242557,0.088569806,0.009803066,0.80022008,0.030895421
cg14329157,0.179989466,0.03798191,0.852937827,0.030745061
cg07807709,327.7804337,1.716073389,62608.05246,0.030657797
cg00892798,0.202596518,0.04768518,0.860756921,0.03053203
cg17349199,0.14161274,0.024119818,0.831439437,0.030436322
cg02537909,158234.8467,3.114917991,8038178461,0.0303508
cg24838010,0.085164817,0.009165991,0.791299695,0.030327888
cg12939527,1.08E+16,34.26287212,3.38E+30,3.02E-02
cg02553486,0.186796679,0.041007079,0.850901848,0.030107902
cg20910436,9.62E+12,18.18832696,5.09E+24,0.02996313
cg05650764,1.78E+16,38.11147115,8.34E+30,0.029916277
cg02169446,4982187.949,4.493518815,5.52E+12,0.029889073
cg24625388,0.187452885,0.041384774,0.849070344,0.029837124
cg11959821,9.85E+20,117.7607241,8.25E+39,2.97E-02
cg20109151,120765.5802,3.190106111,4571736751,0.029581449
cg12619509,0.152297365,0.027954112,0.829734364,2.96E-02
cg26535072,0.06704791,0.005887709,0.763526622,0.029454087
cg04775502,0.074204171,0.007168924,0.768073315,0.029164421
cg25047102,5.77E+13,25.57056944,1.30E+26,0.029013204
cg26940725,1.47E-14,5.86E-27,0.037111569,0.028811725
cg20483374,0.161955084,0.0316757,0.828062175,0.028773397
cg24625128,0.173103657,0.035939872,0.833750213,0.028767935
cg24829483,0.153754488,0.028719313,0.823154872,0.028720243
cg08897388,0.205906497,0.049981787,0.848258691,0.028684759
cg09976774,34802519469,12.69441713,9.54E+19,0.028586062
cg04356968,0.001753668,5.98E-06,0.514456929,0.028578532
cg25509184,0.091396171,0.010753248,0.776812752,0.028432034
cg22983529,0.055648746,0.004202071,0.736965815,0.028414542
cg23442323,0.109869326,0.015249655,0.791576506,0.028383517
cg16014085,0.189469097,0.042834498,0.838075396,0.028320703
cg25124433,0.249159589,0.071961974,0.862684798,0.028302866
cg00185839,253.9214974,1.802668582,35767.04419,0.02827916
cg22736107,1.10E+22,235.3727835,5.12E+41,0.02807012
cg11891504,4.56E+14,37.86019524,5.49E+27,2.81E-02
cg18847227,0.188997882,0.042778417,0.835005171,0.027960383
cg20496643,0.040631116,0.002339855,0.705551355,0.027846237
cg15488251,0.169211075,0.034753047,0.823881376,0.02781796
cg09997760,0.186016498,0.041628058,0.831221517,0.027666525
cg06027949,22859965.63,6.458379125,8.09E+13,0.027635868
cg15309223,1.25E+12,21.89481856,7.09E+22,0.027508907
cg08305742,5.72E+19,157.111976,2.08E+37,0.027448607
cg11783451,5.25E+13,34.09378819,8.10E+25,0.027353343
cg21743830,0.034963453,0.001778639,0.687291143,0.027332933
cg21553524,0.202229624,0.048905793,0.836236738,0.027321084
cg10968649,2.08E-20,7.16E-38,0.006068119,0.027190783
cg02784848,0.023589072,0.000849971,0.654662865,0.02711863
cg10983208,0.222108399,0.058480499,0.84356567,0.027117745
cg15677132,30792570.41,7.047594395,1.35E+14,0.027086468
cg05780311,8.73E+19,192.1557242,3.97E+37,0.026866812
cg07621046,0.14970642,0.027862349,0.804383433,0.026848943
cg21926138,0.164818402,0.033407355,0.813147449,0.02683112
cg13264741,0.033307563,0.001641445,0.675864302,0.026757103
cg23881725,0.116267123,0.017322854,0.780358949,0.026741332
cg15448245,0.026410273,0.001060738,0.657563394,0.026722557
cg04783231,0.140228527,0.024728548,0.795195873,0.026500465
cg17680902,1.26E-12,3.94E-23,0.040034827,0.026367909
cg03289369,11593407.99,6.830940527,1.97E+13,0.026249284
cg23397015,0.221394146,0.058577501,0.836760997,0.026237746
cg24743283,26246.4805,3.333401656,206659085.7,0.026215724
cg08388746,0.008444373,0.000125541,0.568000064,0.026190131
cg04065065,64560163421,19.14633262,2.18E+20,0.026168658
cg26568669,2.33E+28,2347.616389,2.31E+53,0.026131293
cg05670408,0.094908268,0.011929729,0.755053168,0.026047811
cg16302441,0.211244278,0.053828301,0.829008972,0.025827993
cg09072120,0.026968855,0.001127941,0.644820441,0.025688372
cg25239996,0.227233902,0.061857711,0.834742271,0.025611157
cg25356886,0.017936342,0.000526759,0.610738932,0.025489139
cg20199629,0.044076852,0.002852294,0.681125124,0.0254258
cg01656955,0.221235763,0.059061857,0.82871189,0.025168914
cg05523047,0.101254878,0.01364663,0.751288091,0.025115243
cg04527363,0.175616532,0.038465303,0.801791852,0.024762725
cg03453449,0.066544898,0.00627371,0.705838107,0.024506293
cg09472203,0.110372297,0.016174835,0.753147949,0.024493561
cg14732136,1.31E+14,65.54043687,2.61E+26,0.02448586
cg09013626,2728.90698,2.779497256,2679237.51,0.024398844
cg18565479,0.031486519,0.001554081,0.637933714,0.024271838
cg22670329,0.165161804,0.034489846,0.79091167,0.024227928
cg26107778,3.43E+24,1573.628549,7.46E+45,0.024220671
cg16293105,0.157508215,0.031568571,0.78587141,0.024209151
cg09721659,0.072468692,0.007397131,0.70996598,0.02418641
cg10141022,3.56E+18,268.2060982,4.73E+34,0.024122311
cg20001829,0.201041188,0.04986382,0.810558819,0.024119351
cg05467167,3.74E+33,26979.27656,5.19E+62,0.023947291
cg03702236,0.103201066,0.014382531,0.740513625,0.023899315
cg08961832,0.076365539,0.008207166,0.710561451,0.023807846
cg06615667,1.74E+12,42.42624362,7.15E+22,0.023788034
cg07986525,4697145782,19.3386908,1.14E+18,0.023781115
cg19564877,0.105232209,0.01495599,0.740426934,0.023705795
cg10503232,0.035025765,0.00191913,0.639250047,0.02370106
cg19954739,134.6102901,1.926099,9407.579882,0.023667784
cg11154542,0.067299943,0.006508178,0.695937066,0.023568305
cg02298612,0.028001623,0.001268565,0.61809273,0.023531021
cg01780107,26465569.42,9.976714224,7.02E+13,0.023526806
cg26090652,0.152831384,0.030089395,0.776267908,0.023488424
cg10368981,1.00E+61,168089098.5,6.00E+113,0.023485885
cg08351143,6.60E+20,647.4674967,6.73E+38,0.023455805
cg11000221,23.91548197,1.538004461,371.8781656,0.023363137
cg09479015,0.182343732,0.041894174,0.793648231,0.023331942
cg07294541,7.117308247,1.306161587,38.78239658,0.02328479
cg21796234,276408742.9,14.13405925,5.41E+15,0.023258219
cg04941721,0.019211499,0.000632655,0.583384984,0.023243471
cg09217923,1.56E-08,2.81E-15,0.086152059,0.023242389
cg16338347,69.39983795,1.786626071,2695.772543,0.023160707
cg05942574,0.178951329,0.040577529,0.789194882,0.023046826
cg22007326,65885.02894,4.6503504,933443002,0.022899593
cg18192417,0.162963944,0.034197704,0.776579818,0.022764141
cg16051027,3.68E+12,56.94836054,2.38E+23,0.022712191
cg26091688,144126033.2,13.98793845,1.49E+15,0.022597313
cg21255732,3453.066271,3.14925614,3786185.099,0.022538303
cg11141561,17010308.65,10.44597677,2.77E+13,0.0225208
cg05668853,0.113893162,0.017622741,0.736074625,0.022500809
cg00510956,0.001837617,8.32E-06,0.405646655,0.022159029
cg21402035,0.04019447,0.002564233,0.630050107,0.022081741
cg00676660,0.070248529,0.007237146,0.681878721,0.022011957
cg01777397,0.286162993,0.098084711,0.834883015,0.022003846
cg21296230,0.137856,0.025436807,0.747117219,0.021558102
cg14196211,5.39E+26,8803.386625,3.31E+49,0.021490868
cg00954003,6.59E+26,9386.809814,4.62E+49,0.021404986
cg25898500,33696949.75,13.09777817,8.67E+13,0.021360857
cg23850377,2.27E+16,278.0501244,1.86E+30,0.021206044
cg09809672,0.067782192,0.006888293,0.666990489,0.021048589
cg14960043,6.724464272,1.33410418,33.89421938,0.020929305
cg01705587,0.160006784,0.033781467,0.757876225,0.020925252
cg10544564,0.087187779,0.011001764,0.690953625,0.020888502
cg23640701,0.080346972,0.00946025,0.682395935,0.020883641
cg25483839,0.002472855,1.53E-05,0.399736172,0.020702652
cg16114640,0.170668824,0.038175672,0.762995021,0.020667747
cg04025590,5.26E+11,65.32566173,4.23E+21,0.020389572
cg20864636,2.72E-12,4.87E-22,0.015233531,0.020052916
cg07640473,0.145970787,0.028830789,0.739052639,0.02005248
cg13127386,0.011907226,0.000284513,0.498332966,0.020043343
cg04586563,0.000252159,2.35E-07,0.270438703,0.019950156
cg10665018,93.55608787,2.047828993,4274.156489,0.019935592
cg05040360,0.060294792,0.005666944,0.641520709,0.019916625
cg26477793,19275440.19,14.19215736,2.62E+13,0.019904964
cg20880234,0.055547945,0.00487924,0.632388339,0.019846737
cg21179457,0.120492257,0.020333868,0.714000105,0.019751172
cg22334665,0.159154012,0.034017297,0.744621175,0.01956809
cg03673687,0.132646293,0.024365077,0.722141744,0.019465781
cg19410364,0.044457811,0.003269559,0.604514801,0.019389708
cg17009717,291366256.9,23.4844081,3.61E+15,0.019350569
cg04763192,0.058903042,0.005494932,0.631412396,0.019289987
cg03322129,360229.5961,8.039828981,16140313708,0.019210848
cg11100802,1.99E+38,1768341.524,2.23E+70,0.019179939
cg18371284,5.68E+15,384.172899,8.39E+28,0.019047193
cg08261666,19251434875,48.83605552,7.59E+18,0.019025845
cg20899053,921.9985488,3.072176276,276703.3033,0.018995517
cg03792199,7.22E+25,18195.64136,2.86E+47,0.018948839
cg14407437,0.169625293,0.038621781,0.744987391,0.018779406
cg17484237,5.537664741,1.33013888,23.05453305,0.018673189
cg03734783,0.039201133,0.002652542,0.579341852,0.018412589
cg15056107,9.67E+16,745.8903886,1.25E+31,0.018328473
cg15425811,0.161009296,0.035306796,0.734249397,0.018325761
cg00930078,317720.136,8.551342669,11804705850,0.018290195
cg06334284,3622883.249,13.16653249,9.97E+11,0.018111707
cg13603171,0.184731991,0.045531997,0.749492897,0.0181024
cg02019333,0.175879714,0.041741428,0.741078472,0.017870424
cg21682902,0.030102044,0.001658263,0.546434897,0.017856856
cg15790852,2.44E+18,1523.357427,3.91E+33,0.017776165
cg27264345,0.049453891,0.004122363,0.593273221,0.017700821
cg15998761,0.031068886,0.001775863,0.543553085,0.017432196
cg25959506,0.074480705,0.008755392,0.633595302,0.017418768
cg08942800,0.186174284,0.046693925,0.742299217,0.017206397
cg20696985,0.093464107,0.013302567,0.656680739,0.017183742
cg01946401,0.029400983,0.001624331,0.532168345,0.016991771
cg12883767,0.070373874,7.97E-03,0.621337151,1.69E-02
cg20120491,0.01577389,0.000524486,0.474398665,0.016877383
cg13846866,0.129257631,0.024137113,0.692192771,0.016864022
cg05559445,0.116058506,0.019843064,0.678805305,0.016853976
cg17366294,0.076300275,0.00925264,0.629196855,0.01683105
cg15057581,0.140562403,0.02817661,0.701212443,0.016719169
cg13853761,0.104103513,0.016327609,0.663755568,0.016685129
cg11434468,0.123728941,0.022355965,0.684777021,0.016678281
cg13554114,8.07E+14,502.7599947,1.30E+27,0.016677547
cg05564266,0.100694692,0.015404559,0.658209083,0.016548758
cg19167673,0.024953463,0.001222911,0.509174766,0.016456751
cg21663122,0.067028584,0.007366732,0.609881131,0.016445409
cg22026853,0.240427635,0.075225777,0.768426065,0.016203824
cg04726446,0.072048044,0.008441521,0.614927141,0.016197203
cg02443089,8.48E+19,4883.966723,1.47E+36,0.016165306
cg26401870,0.11409249,0.019469062,0.668604184,0.016119881
cg14796007,27782.05127,6.716976461,114909197.2,0.016029638
cg16482226,3.22E+19,4365.820526,2.38E+35,0.015971688
cg14802310,0.013096976,0.000385693,0.44473428,0.015931492
cg19614321,0.116985813,0.020491333,0.667876535,0.015773751
cg12379145,13.4610951,1.631157275,111.0874372,1.58E-02
cg14712964,240456346,38.04948348,1.52E+15,0.015716994
cg03476195,0.149683261,0.032090397,0.698186386,0.015639657
cg17598875,6308338.562,19.37649207,2.05E+12,0.015621446
cg12187567,201.4511965,2.739032559,14816.39364,1.55E-02
cg23402444,0.088558736,0.012435265,0.630678139,0.015512814
cg26025891,0.030982599,0.001859743,0.516158039,0.015488194
cg10617171,0.14202787,0.029321291,0.687961384,0.01532499
cg27603796,0.163460781,0.038063808,0.701964108,0.014855004
cg08998501,0.12050096,0.021974467,0.660788799,0.014803771
cg09885086,48759.88683,8.332335458,2.85E+08,0.014727977
cg06230736,0.227126981,0.069099398,0.746557375,0.014631372
cg22631938,0.162650859,0.03793718,0.697344974,0.014472427
cg04021421,0.010849257,2.89E-04,0.40689447,0.014436418
cg13656360,153447491.7,43.35951494,5.43E+14,0.014289004
cg11108890,0.039990706,0.003045917,0.525049325,0.01427075
cg19604470,120.7980246,2.611400773,5587.867972,0.014260485
cg22736323,0.129998479,0.025552341,0.661372075,0.013968375
cg22165175,0.128283464,0.024985145,0.658657248,0.013885481
cg04595372,0.090980636,0.013486711,0.613750548,0.013848149
cg04743872,0.156314116,0.035724313,0.68396284,0.013726104
cg16363586,4.910559099,1.386294044,17.39428281,0.013657706
cg18676764,1.76E-06,4.72E-11,0.065931848,0.013657363
cg02300906,5.11E+12,408.530884,6.40E+22,0.013632002
cg21700166,0.0547402,0.005447904,0.550026115,0.013596573
cg24724583,0.094549336,0.014548001,0.614488341,0.013515012
cg02860342,0.119190765,0.022051776,0.644231027,0.013484649
cg03277051,0.14107452,0.029836277,0.667041018,0.013481588
cg14839898,9.089862391,1.579461983,52.31249576,0.013440956
cg19014419,0.136258885,0.028094046,0.66086898,0.01335732
cg13707560,0.134453635,0.027437084,0.658881238,0.013343315
cg11976166,0.242368303,0.078889385,0.744617216,1.33E-02
cg17301902,0.071769089,0.008911438,0.577999018,0.013323741
cg23216015,0.112944377,0.020083163,0.635180434,0.013322582
cg00633969,13.6639208,1.723541362,108.3250659,0.013311941
cg24353217,0.048640051,0.004440055,0.532843491,0.013308537
cg20123891,0.154203742,0.035128096,0.676916675,0.01325034
cg03688818,98152.70415,11.08439498,869145618.3,0.013185765
cg12645220,0.168603291,0.041294584,0.688397044,1.31E-02
cg00008493,1.84E-06,5.43E-11,0.062567397,0.013114942
cg20676542,36.94993312,2.141414494,637.5680939,0.012992329
cg03293770,16177519959,145.3048746,1.80E+18,0.012895477
cg14135551,0.19747393,0.054987724,0.709175611,0.012890133
cg15059932,888.6167491,4.226173018,186845.1016,0.012841252
cg02260587,0.14934714,0.033544958,0.66491568,0.012575859
cg25416372,0.077445253,0.010386044,0.577483336,0.012574117
cg09998591,0.050075155,0.004773392,0.525312174,0.012532928
cg07924819,1.73E+12,432.9701903,6.90E+21,0.012483749
cg15822411,0.054802676,0.005621983,0.534212478,0.012432721
cg13575604,3.94E+30,4087307.714,3.79E+54,0.012410255
cg16484842,9.70E+37,164257150.8,5.73E+67,0.012390535
cg19308222,0.177813383,0.045936981,0.688282041,0.012387299
cg01991383,2.29E+16,3.56E+03,1.48E+29,0.012300465
cg03301801,0.004084893,5.54E-05,0.301143299,0.012177078
cg22156632,0.098341944,0.016043119,0.602821547,0.012173508
cg20637800,77658.91191,11.67625221,516510476.9,0.012170494
cg19568591,0.135565163,0.02842764,0.646480435,0.012166356
cg24520800,3.40E+21,52370.82425,2.21E+38,0.01206929
cg23239444,0.064057035,0.007519,0.545724668,0.011935463
cg10266188,242427.4893,15.87252815,3702692288,0.011655495
cg11847808,0.19475908,0.054667221,0.693854536,0.011609398
cg11572744,0.161115296,0.039121494,0.663526255,0.011473145
cg06141123,6.11E+14,2104.303216,1.78E+26,0.011466694
cg09801842,221.1294458,3.404425373,14363.1381,0.011236326
cg26333641,11.6007308,1.746420199,77.05874869,0.011177395
cg04790129,311.819928,3.715081437,26172.14969,0.011066061
cg23878206,10.25321038,1.702765878,61.73974026,0.011052833
cg17191178,0.162160831,0.040006665,0.657293859,0.010846088
cg17460095,0.090448997,0.014245064,0.57430566,0.01083304
cg11226328,102124.1361,14.48851151,719835103.1,0.010731855
cg12736438,1.15E-11,4.56E-20,0.002887213,1.07E-02
cg17917518,0.026180709,0.001597081,0.429176428,0.010687863
cg08465774,31.53822173,2.237779602,444.4849835,0.010567882
cg14049461,0.111678837,0.020854246,0.598063461,0.010455847
cg01305625,0.107399823,0.019547119,0.590098327,0.010265405
cg01656216,0.098529612,0.016799333,0.577885129,0.010242423
cg17982671,0.016450706,0.000715923,0.378009297,0.010221141
cg24371383,29.74964336,2.240231549,395.0668762,0.010133948
cg21673646,0.088653885,0.01398587,0.561960844,0.010121885
cg27583102,0.09960664,0.017177417,0.577588751,0.010110027
cg18997662,810.2717252,4.931599976,133129.2627,0.010082616
cg00576250,0.07781528,0.011127418,0.544170969,0.010077441
cg18943599,0.0486473,0.004876215,0.485327249,0.00999635
cg12453778,269546.2166,20.08257494,3617821076,9.92E-03
cg10698222,475241.1928,23.04883288,9798942638,0.009908297
cg16547341,0.086539969,0.013486941,0.555290216,0.009873851
cg04283392,0.051080558,0.005361542,0.486655382,0.009704899
cg19001226,0.219947214,0.069817291,0.692905387,0.009693602
cg04211745,9.16E+13,2420.165447,3.47E+24,0.009683323
cg26277709,2.98E+33,131087905.8,6.77E+58,0.009669736
cg10883621,0.09434518,0.015897341,0.55990577,0.009368674
cg16954341,0.131418036,0.028470979,0.606607171,0.00930816
cg06156376,0.083023304,0.012727578,0.541569572,0.009297456
cg08359956,0.058237573,0.006868503,0.49379245,0.00913475
cg00622677,0.114210808,0.022352709,0.583558285,0.00912938
cg18189938,345882.596,24.05924743,4972506749,0.009024708
cg23970338,7397.773079,9.289785362,5891099.137,0.008950389
cg15105703,0.057367696,0.006730801,0.488954081,0.008938298
cg21087137,0.174607612,0.047213435,0.645744552,0.008912852
cg13022129,0.011619693,4.13E-04,0.326658887,8.86E-03
cg13266631,0.149968863,0.036220199,0.620942471,0.008862735
cg15945754,0.010410708,0.000341387,0.317478045,0.008845656
cg05477027,7546908.576,5.40E+01,1.05E+12,0.00879528
cg01722994,0.082727872,0.012822221,0.533753157,0.008793638
cg15873301,0.271238341,0.102271779,0.719360102,0.008744893
cg24621354,385035.7183,25.77836601,5751043503,0.00872614
cg25201363,0.053048873,0.005936095,0.474079838,0.008591505
cg22501393,1593705353,231.3495854,1.10E+16,0.008349097
cg26626089,0.062339101,0.007988891,0.486445931,0.008110806
cg23873703,0.081727963,0.012925721,0.516757238,0.007777123
cg05475277,13.62642015,1.994198751,93.10973946,0.007723475
cg11412582,0.081415218,0.012901774,0.51376171,0.007618284
cg16829154,17941.57469,13.63852264,23602270.64,0.00751707
cg13448625,0.074101143,0.01099967,0.499194914,0.007499566
cg21944757,1.48E+14,6076.003933,3.63E+24,0.007498584
cg19615059,0.097452192,0.017732521,0.535565676,0.007401678
cg25355803,0.019087744,0.001057747,0.344451123,0.007317185
cg16743781,15439141.8,89.15798281,2.67E+12,0.007153474
cg03340261,1.81E+26,13309901.84,2.46E+45,0.00715061
cg24619694,0.040908126,0.004004758,0.417871606,0.007019639
cg19917856,0.104192932,0.020154941,0.538635509,0.006972943
cg12627583,0.120023967,0.025752402,0.55939453,6.94E-03
cg25371088,3.20E+22,1571182.748,6.53E+38,0.006838755
cg07684809,0.09030733,0.015841551,0.514811584,0.006777113
cg18118795,12.83527782,2.023376281,81.4205238,0.006775907
cg12884406,0.070350525,0.010308489,0.48010882,6.75E-03
cg14681767,0.181967356,0.05306561,0.623984509,0.006726523
cg21282997,8.206215457,1.791601075,37.58759306,0.006708585
cg23043245,0.104336441,0.020391873,0.533844691,0.00665721
cg00642303,22.9762187,2.403088058,219.6784359,0.006506623
cg01830294,0.054067627,0.006624253,0.441303835,0.006457087
cg05719902,0.106752801,0.021340599,0.534013155,0.006455372
cg07197059,0.070600061,0.010526341,0.473513868,0.006336218
cg00367281,20.23856372,2.339366704,175.0898912,0.006295954
cg14026602,533927683.7,302.9170114,9.41E+14,0.006170678
cg11553177,364184.665,38.33941557,3459376421,0.006138481
cg17002259,4.43E-22,2.58E-37,7.62E-07,0.006013468
cg23923462,1.02E+13,5508.742843,1.90E+22,0.005940787
cg06587969,3.43E+23,5872615.761,2.01E+40,0.005937452
cg15047833,1.10E+16,41789.22751,2.88E+27,0.00590275
cg06392589,0.050710384,0.006097261,0.421753783,0.005801942
cg07376535,0.080810602,0.013564543,0.481428182,0.005731281
cg24216915,13335.03673,15.89773583,11185442.16,0.005686772
cg00594118,4804061.927,88.60721097,2.60E+11,0.005670876
cg25751295,9.17E+18,356435.886,2.36E+32,0.005581755
cg06236748,1078.657452,7.803888477,149092.584,0.005486533
cg19946699,818.3065985,7.204844369,92941.03452,0.005472649
cg03522403,9.01E+21,2967201.466,2.74E+37,0.005447244
cg25018755,1314.596503,8.310292193,207954.6575,0.005443421
cg03079681,0.009500528,0.000356528,0.253163822,0.005433263
cg12675800,3.23E+32,3922991977,2.66E+55,5.43E-03
cg06544198,90002799859,1748.709475,4.63E+18,0.005367105
cg12578480,1.48E-11,3.64E-19,0.000604929,5.29E-03
cg27560864,0.042779291,0.004673018,0.391624359,0.005274731
cg15198335,2.72E+11,2570.266868,2.88E+19,0.005225555
cg14546153,0.09513615,0.018333767,0.493673064,0.005107094
cg20716064,1.05E+16,69108.27625,1.61E+27,0.004982962
cg22129364,0.114658407,0.025305616,0.519511177,0.004962614
cg15787039,0.095259447,0.018497579,0.490570269,0.004929022
cg20092728,11.07341761,2.090707343,58.6502831,0.004697839
cg25432696,0.066788658,0.01030553,0.4328477,0.004537483
cg00807586,0.012887553,0.000640916,0.259143311,0.004485074
cg01985396,0.028560682,0.002463375,0.331136115,0.004455825
cg12830829,732052.9774,66.66340626,8.04E+09,4.45E-03
cg04263186,0.049844712,0.006336354,0.39210169,0.004377331
cg24749970,3.57E+12,8576.763998,1.48E+21,0.004311946
cg27665659,2880374.499,106.6601084,77785006805,0.004277743
cg02868338,13088059962,1595.938611,1.07E+17,0.004131202
cg08778586,6.16E+16,211110.0767,1.80E+28,0.004102185
cg25905459,1.36E+22,12424278.84,1.50E+37,0.00392139
cg11356705,2.39E+59,1.17E+19,4.89E+99,0.00388923
cg14338062,0.000257742,9.63E-07,0.068956184,0.003758579
cg13741249,22544996.34,239.7795244,2.12E+12,0.003757265
cg08047907,0.188865425,0.061190308,0.582937887,0.003749845
cg02364642,0.109660457,0.024640805,0.488028526,0.003711089
cg12845249,19815.96501,26.92654964,14583096.41,3.31E-03
cg12489819,1.57E-20,9.78E-34,2.52E-07,3.29E-03
cg08934443,8071.856762,20.25167242,3217258.814,0.003233491
cg24123124,2.42E+19,3137225.044,1.86E+32,0.003197797
cg02161046,1.92E+19,3058717.574,1.21E+32,0.003145475
cg04945541,0.095791561,0.020334491,0.451254133,0.003014597
cg03532114,1009954.2,109.410605,9322747880,0.002998978
cg10978355,0.148833777,0.04230658,0.523594513,0.002996089
cg26404725,0.001262641,1.54E-05,0.103594124,0.002995043
cg20011352,0.077316545,0.014310851,0.417714377,0.002937192
cg10201668,0.009125045,0.000414108,0.201074235,0.002915131
cg09739907,9.27E+12,32324.6074,2.66E+21,0.0026558
cg19192316,0.000390349,2.34E-06,0.065044865,0.002639191
cg09277365,20646.54124,31.95035207,13341939.53,0.002619443
cg09404633,0.025655676,0.002366878,0.278093674,0.002591198
cg25932713,34.27119209,3.440547877,341.3742953,0.002582325
cg01240931,0.020495167,0.001645259,0.255310501,0.002520577
cg24941797,35060176.83,472.1180583,2.60E+12,0.002397515
cg15442702,1.70E+11,9572.15122,3.01E+18,0.002394696
cg22111003,6.61E+18,6019279.695,7.27E+30,0.002187561
cg20114394,0.007069217,0.000298119,0.167630353,0.002172274
cg08418747,5.40E+11,18573.57362,1.57E+19,0.002063089
cg13671831,10122176657,4392.440489,2.33E+16,0.00205556
cg18855178,243273.2274,92.13424249,642343840.5,0.002034144
cg21319693,195.1126115,6.86929368,5541.898909,0.002011075
cg18757066,2.12E+30,1.47E+11,3.06E+49,0.001920458
cg01543654,0.130228667,0.035935544,0.471942374,0.001915693
cg11691938,2.95E+16,1221217.189,7.10E+26,0.001877119
cg27308387,4.09E+11,20000.83395,8.34E+18,0.001851101
cg25047001,0.093406896,0.021001915,0.415431074,0.001847874
cg11251877,0.018105883,0.001450772,0.225964447,0.001840109
cg10468369,20977192.85,539.7344613,8.15E+11,0.001767591
cg02257405,0.04920973,0.007571632,0.319825058,0.001612068
cg16863382,1.38E-05,1.36E-08,0.013983972,0.001528391
cg17791651,0.048712576,0.007668123,0.309451896,0.001358154
cg23418591,0.097346032,0.023407319,0.404841324,0.001357678
cg14832904,0.016032854,0.001280214,0.200788625,0.001351074
cg16770799,0.093825098,0.022147946,0.397470217,0.001315657
cg05475904,0.002429201,6.26E-05,0.094264511,0.001259051
cg19221369,87836.94804,87.6145715,88059889,0.001243869
cg08497766,324719.5597,147.3992215,715355151.8,0.001232183
cg00025991,0.002536597,6.93E-05,0.092837762,0.001137841
cg16007185,248.5526412,9.074748011,6807.727926,0.001091359
cg01530101,0.052955596,0.009110236,0.307818064,0.001067757
cg18771300,0.054261599,0.009627721,0.305817024,0.000957027
cg22668533,1.23E+26,47833265943,3.18E+41,0.000906089
cg15120942,0.025574977,0.002963306,0.220726233,0.000856488
cg12903171,0.007635556,0.000439217,0.132740079,8.20E-04
cg04123507,0.057781062,0.011037211,0.302490475,0.000736368
cg00629217,0.001379748,3.07E-05,0.062097871,0.000696954
cg10235741,0.001867018,5.15E-05,0.067746191,0.000605645
cg24905739,8.95E+27,1.52E+12,5.26E+43,0.000512419
cg27547703,4.53E-05,1.85E-07,0.011115199,0.000367372
cg04683119,970391300.4,11506.10963,8.18E+13,0.000349257
cg26043257,0.090151922,0.024307626,0.334354702,0.000320429
cg11847459,346.3999457,14.53466069,8255.63974,0.00030119
cg03752689,16746471.47,2106.562648,1.33E+11,0.000283319
cg10906135,6.39E-09,2.74E-13,0.000149005,0.000235753
cg16090392,5.73E+11,523793.3704,6.28E+17,0.000135624
cg03373857,3.45E+14,15054627.6,7.92E+21,0.000108272
cg21595737,52276.40219,218.3557594,12515457.49,0.000101493
cg08996502,32898.24917,178.4006468,6066652.886,9.33E-05
cg08285151,0.071555737,0.019192039,0.266788923,8.57E-05
cg05127924,0.008396836,0.000791218,0.089111834,7.30E-05
cg15334028,1.08E+35,7.47E+17,1.57E+52,6.30E-05
cg15701111,0.001796452,8.22E-05,0.039264471,5.89E-05